pinyin,zh,eng,rad,mean_intensity,mean_intensity_sd,type1,type1_p,type2,type2_p,pos,neg,neu
aichou,哀愁,sad,1,5.25,1.3,Sd,100,NA,0,0,91.7,8.3
aihao,爱好,interested,0,4,1.86,Hp,77.3,Nu,18.2,68.2,0,31.8
aiqi,哀戚,sad,0,5.45,1.37,Sd,95.7,Un,4.3,0,77.3,22.7
aishang,哀伤,sad,0,5.21,1.04,Sd,95.8,Ax,4.2,0,79.2,20.8
aitong,哀痛,grief,0,6.18,0.83,Sd,100,NA,0,4.5,86.4,9.1
aiyuan,哀怨,sad,1,5.3,1,Sd,87,Ag,8.7,0,82.6,17.4
anning,安宁,peaceful,0,2.23,1.81,Nu,50,Ot,36.4,47.6,0,52.4
anxin,安心,relieved,1,3.57,1.81,Hp,43.5,Ot,43.5,82.6,0,17.4
aohui,懊悔,regretful,2,5,0.78,Ot,39.1,Sd,39.1,4.3,69.6,26.1
aonao,懊恼,annoyed,2,5.54,1,Ax,45.8,Sd,33.3,0,87.5,12.5
aosang,懊丧,depressed,2,5.18,1.07,Sd,47.8,Ot,34.8,0,81.8,18.2
aoxin,熬心,anxious,1,5.55,1.02,Ax,62.5,Un,16.7,10,80,10
bao,暴怒,rage,1,6.96,0.2,Ag,100,NA,0,0,87,13
baokui,抱愧,ashamed,2,4.96,1.3,Ot,52.2,Sd,26.1,8.7,52.2,39.1
baoqian,抱歉,apologetic,0,3.83,1.65,Ot,54.2,Sd,20.8,4.2,20.8,75
baoweiqu,抱委屈,feel,0,4.85,1.42,Sd,68.2,Ot,9.1,0,70,30
beiai,悲哀,sad,1,5.95,0.77,Sd,100,NA,0,0,86.4,13.6
beichou,悲愁,sad,1,5.74,0.9,Sd,91.3,Ot,4.3,0,69.6,30.4
beichuang,悲怆,grief,3,6.52,0.79,Sd,86.4,Ot,9.1,19,61.9,19
beifen,悲愤,sad,3,6.22,0.59,Ag,69.6,Sd,21.7,4.3,56.5,39.1
beihui,背悔,regretful,2,5.24,0.81,Sd,69.6,Dg,8.7,0,52.4,47.6
beiliang,悲凉,desolate,1,5.78,1.25,Sd,95.7,Ot,4.3,0,78.3,21.7
beiqi,悲凄,sad,1,6.09,0.85,Sd,95.5,Ax,4.5,0,95.5,4.5
beiqie,悲切,grief,1,6.17,0.7,Sd,87,Ot,8.7,0,60.9,39.1
beishang,悲伤,sad,1,5.38,1.18,Sd,100,NA,0,4.2,75,20.8
beitong,悲恸,grief,3,6.64,0.57,Sd,100,NA,0,4.5,86.4,9.1
beitong,悲痛,grief,1,6.29,0.73,Sd,95.8,Fr,4.2,0,87.5,12.5
beizhuang,悲壮,solemn,1,6.05,0.88,Sd,68.2,Ot,31.8,54.5,22.7,22.7
bibo,鄙薄,despise,0,5.58,1.26,Dg,91.7,Ot,4.2,4.2,87.5,8.3
biemen,憋闷,oppressed,1,4.55,1.37,Ax,39.1,Sd,17.4,0,86.4,13.6
bieqi,憋气,resentful,1,3.91,1.98,Ag,47.8,Ot,26.1,0,59.1,40.9
bishi,鄙视,contempt,0,5.48,1.25,Dg,95.7,Ag,4.3,0,95.7,4.3
biyi,鄙夷,disdain,0,5.96,0.89,Dg,91.7,Sp,8.3,0,95.8,4.2
buan,不安,restless,0,4.35,1.34,Ax,65.2,Fr,21.7,0,73.9,26.1
buguoyi,不过意,regretful,1,3.57,2.19,Un,68.2,Ot,13.6,0,42.9,57.1
buhaoguo,不好过,tough,0,4.5,1.26,Sd,75,Ax,12.5,0,87.5,12.5
buhaoyisi,不好意思,embarrassed,1,3.3,1.46,Ot,82.6,Nu,8.7,4.3,17.4,78.3
bukuai,不快,unhappy,2,4.17,1.24,Dg,47.8,Sd,34.8,0,87,13
buman,不满,dissatisfied,0,4.29,1.17,Dg,58.3,Ag,37.5,0,100,0
buping,不平,angry,0,4.09,1.16,Ag,63.6,Ot,18.2,9.1,36.4,54.5
buyue,不悦,unhappy,2,3.91,1.41,Dg,50,Ag,27.3,0,71.4,28.6
cangliang,苍凉,desolate,0,5.41,1.44,Sd,77.3,Ot,22.7,4.5,63.6,31.8
cankui,惭愧,ashamed,2,4.54,1.12,Ot,66.7,Sd,25,4.2,58.3,37.5
cantong,惨痛,painful,2,6.04,1.31,Sd,75,Ot,12.5,0,87.5,12.5
caoxin,操心,worried,1,4.17,1.49,Ax,73.9,Ot,8.7,4.3,43.5,52.2
changkuai,畅快,carefree,2,5.33,1.11,Hp,95.8,Ot,4.2,95.8,0,4.2
changwang,怅惘,distracted,2,4.77,1.65,Sd,54.5,Ax,27.3,4.5,59.1,36.4
chanmian,缠绵,lingering,0,4.63,1.65,Hp,50,Ot,41.7,29.2,0,70.8
chayi,诧异,surprised,0,5.58,1.08,Sp,100,NA,0,0,20.8,79.2
chenjing,沉静,calm,0,1.48,0.93,Nu,65.2,Ot,34.8,17.4,0,82.6
chenmen,沉闷,depressing,1,3.7,1.43,Ot,47.8,Sd,26.1,0,65.2,34.8
chentong,沉痛,grief,0,6.39,0.97,Sd,91.3,Ot,4.3,4.3,69.6,26.1
chenxin,称心,satisfied,1,4.04,1.57,Hp,82.6,Ot,13,78.3,0,21.7
chenyi,称意,satisfied,1,4.45,1.37,Hp,90.9,Ot,9.1,95.5,0,4.5
chenyu,沉郁,depressed,0,5.04,1,Sd,82.6,Ax,8.7,4.3,69.6,26.1
chenzhong,沉重,melancholy,0,5.41,0.89,Sd,63.6,Ax,22.7,0,72.7,27.3
chijing,吃惊,surprised,2,4.65,1.37,Sp,100,NA,0,0,0,100
chilie,炽烈,blazing,0,6.05,1.73,Ot,59.1,Hp,22.7,57.1,4.8,38.1
chimi,痴迷,obsessed,0,6.17,1.43,Hp,70.8,Ot,25,16.7,16.7,66.7
chire,炽热,fervor,0,5.17,1.88,Ot,52.2,Hp,34.8,60.9,4.3,34.8
chiyi,迟疑,hesitate,0,2.78,1.69,Ot,34.8,Nu,30.4,0,17.4,82.6
chongbai,崇拜,adore,0,5,1.47,Ot,52.2,Hp,39.1,60.9,0,39.1
chongdong,冲动,impulsive,0,4.35,1.66,Ot,60.9,Ax,17.4,0,60.9,39.1
chongfeng,崇奉,worship,0,5.05,1.97,Ot,63.6,Hp,27.3,68.2,13.6,18.2
chongjing,崇敬,respect,0,4.73,1.98,Ot,50,Hp,36.4,95.5,0,4.5
chongshang,崇尚,advocate,0,4.18,1.87,Ot,50,Hp,31.8,77.3,0,22.7
chongshi,充实,substantial,0,3.26,1.77,Hp,56.5,Nu,30.4,65.2,0,34.8
chou,愁,worried,1,5.09,1.06,Ax,39.1,Sd,39.1,0,52.2,47.8
chouchang,惆怅,melancholy,2,5.13,1.12,Sd,73.9,Ax,17.4,4.3,65.2,30.4
chouku,愁苦,sad,1,5.67,0.84,Sd,76.2,Ax,23.8,0,90.5,9.5
choumen,愁闷,depressed,1,5.41,1.11,Ax,54.5,Sd,40.9,0,90.9,9.1
daijin,带劲,exciting,0,4.95,1.36,Hp,77.3,Ot,22.7,81.8,0,18.2
daiman,怠慢,snub,3,3.23,1.7,Ot,45.5,Nu,22.7,0,54.5,45.5
danxin,担心,worried,1,4.48,1.17,Ax,69.6,Fr,13,8.7,34.8,56.5
danyou,担忧,worried,2,4.57,1.25,Ax,65.2,Fr,21.7,8.7,39.1,52.2
daoluan,捣乱,make,0,2.91,1.67,Dg,30.4,Ot,26.1,0,82.6,17.4
deyi,得意,proud,1,5.39,0.82,Hp,95.7,Ot,4.3,34.8,30.4,34.8
dezhi,得志,achieve,1,4.67,1.49,Hp,79.2,Ot,16.7,58.3,8.3,33.3
diannian,惦念,reminisce,3,4.62,1.36,Ot,59.1,Ax,27.3,33.3,4.8,61.9
dichen,低沉,dispirited,0,3.43,1.72,Sd,47.8,Ot,30.4,0,60.9,39.1
diluo,低落,depressed,0,4.58,1.22,Sd,91.7,Ax,4.2,0,87.5,12.5
dishi,敌视,hostile,0,6.05,0.88,Dg,72.7,Ot,22.7,0,90.9,9.1
dongxin,动心,moved,1,4,1.57,Hp,59.1,Ot,31.8,72.7,0,27.3
dongyao,动摇,indecisive,0,3.13,1.8,Ot,52.2,Nu,26.1,0,26.1,73.9
duibuqi,对不起,apologetic,0,3,1.79,Ot,52.2,Nu,26.1,17.4,13,69.6
duibuzhu,对不住,apologetic,0,3,1.56,Ot,60.9,Nu,21.7,4.3,8.7,87
duji,妒嫉,jealous,0,5.79,1.26,Dg,45.8,Ot,41.7,0,91.7,8.3
duji,妒忌,jealous,1,5.7,1,Dg,52.2,Ot,43.5,0,100,0
duoqing,多情,passionate,2,3.1,1.85,Ot,47.8,Nu,30.4,14.3,19,66.7
eran,愕然,astounded,2,5.54,0.87,Sp,100,NA,0,4.2,20.8,75
fachou,发愁,worried,1,4.65,0.96,Ax,60.9,Sd,30.4,0,73.9,26.1
fachu,发憷,scared,2,5.84,1.23,Fr,63.6,Un,13.6,0,84.2,15.8
fahuang,发慌,nervous,2,5.09,1.1,Ax,56.5,Fr,30.4,0,87,13
fan,烦,bothered,0,5.18,1.19,Ax,73.9,Dg,13,0,82.6,17.4
fanchou,犯愁,anxious,1,4.45,1.2,Ax,72.7,Sd,22.7,0,68.2,31.8
fandui,反对,oppose,0,2.39,1.69,Nu,47.8,Ot,30.4,0,17.4,82.6
fangan,反感,dislike,1,4.73,1.25,Dg,95.5,Ag,4.5,4.5,95.5,0
fangsong,放松,relaxed,0,2.14,1.18,Nu,36.4,Ot,31.8,42.9,0,57.1
fangxin,放心,at,1,3.29,1.67,Hp,39.1,Ot,34.8,70.8,0,29.2
fanluan,烦乱,irritated,0,5.35,1.27,Ax,78.3,Ot,13,0,91.3,8.7
fanmen,烦闷,irritated,1,4.57,1.21,Ax,82.6,Dg,17.4,0,52.2,47.8
fannao,烦恼,worried,2,4.86,1.39,Ax,72.7,Dg,13.6,0,86.4,13.6
fanren,烦人,annoying,0,4.76,1.27,Dg,81.8,Ax,13.6,0,90.9,9.1
fanxin,烦心,annoyed,1,4.75,1.23,Ax,75,Dg,20.8,0,79.2,20.8
fanza,烦杂,miscellaneous,0,4.63,1.41,Ax,66.7,Dg,25,0,87.5,12.5
fanzao,烦燥,agitated,0,5.3,1.08,Ax,95.7,Ot,4.3,0,82.6,17.4
fanzao,烦躁,agitated,0,5.26,1.19,Ax,87,Ot,8.7,0,69.6,30.4
fawei,乏味,dull,0,3.5,1.44,Dg,70.8,Ot,16.7,0,83.3,16.7
fen,忿怒,angry,1,6.04,0.98,Ag,79.2,Dg,20.8,4.2,87.5,8.3
fen,愤怒,angry,3,6.43,0.71,Ag,100,NA,0,0,69.6,30.4
fengkuang,疯狂,crazy,0,4.96,2.2,Ot,60.9,Nu,17.4,0,43.5,56.5
fenhen,忿恨,resentful,3,6.22,0.83,Ag,60.9,Dg,39.1,0,82.6,17.4
fenhen,愤恨,resentful,2,6.45,0.72,Ag,63.6,Dg,27.3,0,95.5,4.5
fenkai,愤慨,resentful,2,6.18,0.72,Ag,95.5,Ot,4.5,18.2,45.5,36.4
fenmen,愤懑,resentful,3,6.35,0.87,Ag,100,NA,0,0,65.2,34.8
fujiu,负疚,guilty,0,5.54,1.12,Sd,50,Ot,41.7,4.2,75,20.8
fuzao,浮躁,restless,0,4.67,1.4,Ax,75,Ot,20.8,0,100,0
gandong,感动,moved,1,4.65,1.88,Ot,47.8,Hp,30.4,82.6,0,17.4
ganji,感激,grateful,1,5.39,0.87,Hp,56.5,Ot,43.5,87,4.3,8.7
gankai,感慨,sentimental,3,3.73,1.79,Ot,63.6,Nu,22.7,9.1,4.5,86.4
ganshang,感伤,sentimental,1,5,1.17,Sd,90.9,Ax,9.1,0,77.3,22.7
ganxie,感谢,gratitude,1,4,1.48,Ot,54.5,Hp,36.4,86.4,0,13.6
gaoang,高昂,in,0,5.29,1.67,Hp,58.3,Ot,33.3,75,0,25
gaokang,高亢,resounding,0,5.22,1.84,Hp,52.2,Ot,34.8,47.8,0,52.2
gaoxing,高兴,pleased,0,5.64,1.33,Hp,100,NA,0,86.4,0,13.6
gaozhang,高涨,upsurge,0,3.86,2.16,Hp,50,Nu,31.8,54.5,0,45.5
gualv,挂虑,worried,1,4.32,1.14,Ax,78.3,Ot,17.4,36.4,22.7,40.9
guanhuai,关怀,care,2,3.09,1.86,Ot,47.8,Nu,30.4,68.2,4.5,27.3
guanian,挂念,reminisce,1,4.7,1.65,Ot,73.9,Ax,8.7,65.2,0,34.8
guanqie,关切,care,0,3.86,1.77,Ot,59.1,Hp,22.7,77.3,0,22.7
guanxin,关心,care,1,3.45,1.56,Ot,52.2,Nu,21.7,68.2,0,31.8
guanzhu,关注,pay,0,1.7,1.23,Nu,69.6,Ot,26.1,9.1,0,90.9
guaqian,挂牵,reminisce,0,4.04,1.83,Ax,39.1,Ot,34.8,17.4,0,82.6
guaxin,挂心,care,1,3.95,1.26,Ax,39.1,Ot,34.8,22.7,18.2,59.1
guomin,过敏,allergic,0,1.95,1.73,Nu,59.1,Ot,22.7,0,14.3,85.7
haiguai,骇怪,shocked,2,5.71,1.45,Sp,75,Un,12.5,0,42.9,57.1
haipa,害怕,afraid,2,5.78,1.02,Fr,95.7,Ot,4.3,0,52.2,47.8
haisao,害臊,shy,0,4.13,1.51,Ot,65.2,Fr,17.4,4.3,26.1,69.6
haixiu,害羞,shy,0,4.27,1.17,Ot,86.4,Nu,4.5,4.5,0,95.5
haiyi,骇异,shocked,0,6.09,1.04,Sp,87,Fr,13,0,43.5,56.5
houhui,后悔,regretful,2,4.52,1.28,Sd,43.5,Ot,34.8,0,65.2,34.8
huainian,怀念,reminisce,3,3.7,1.54,Ot,65.2,Sd,26.1,65.2,4.3,30.4
huaiyi,怀疑,suspect,2,4.05,1.49,Ot,81.8,Ax,13.6,4.5,54.5,40.9
huan,欢,happy,0,4.71,1.62,Hp,100,NA,0,91.7,0,8.3
huanchang,欢畅,joyful,0,5.82,1.07,Hp,100,NA,0,95.5,0,4.5
huanghuo,惶惑,perplexed,3,5.68,1.14,Fr,43.5,Ax,26.1,0,59.1,40.9
huangkong,惶恐,terrified,3,5.95,0.93,Fr,95.5,Ax,4.5,0,86.4,13.6
huangluan,慌乱,anxious,2,5.83,0.99,Ax,66.7,Fr,33.3,4.2,79.2,16.7
huangzhang,慌张,anxious,2,5,0.82,Ax,79.2,Fr,16.7,0,66.7,33.3
huankuai,欢快,happy,2,5.7,1,Hp,100,NA,0,100,0,0
huanle,欢乐,happy,0,5,1.14,Hp,100,NA,0,95.7,0,4.3
huanxi,欢喜,joyful,0,5.87,0.99,Hp,100,NA,0,95.7,0,4.3
huanxin,欢欣,joyful,0,5.13,1.03,Hp,100,NA,0,95.7,0,4.3
huanyu,欢娱,pleasure,0,4.75,1.51,Hp,95.8,Ot,4.2,75,0,25
huanyu,欢愉,delighted,2,5.48,0.97,Hp,100,NA,0,95.7,0,4.3
huanyue,欢悦,pleased,2,5.74,1.03,Hp,100,NA,0,95.7,0,4.3
huihen,悔恨,regretful,2,5.78,1.1,Ot,56.5,Sd,30.4,4.3,69.6,26.1
huixin,灰心,discouraged,1,4.43,1.14,Sd,56.5,Ot,34.8,4.3,87,8.7
huo,火,angry,0,3.79,2.45,Nu,37.5,Ag,33.3,26.1,21.7,52.2
ji,急,anxious,1,4.92,1.55,Ax,79.2,Ot,16.7,0,25,75
jiang,激昂,excited,0,5.78,1.14,Hp,47.8,Ot,47.8,82.6,0,17.4
jiaoao,骄傲,proud,0,4.79,1.47,Hp,70.8,Ot,20.8,37.5,8.3,54.2
jiaochong,娇宠,indulge,0,3.74,1.85,Ot,52.2,Hp,26.1,4.5,59.1,36.4
jiaoheng,骄横,arrogant,0,5.41,1.72,Ot,68.2,Dg,18.2,0,90.9,9.1
jiaoji,焦急,worried,1,5.5,1.12,Ax,100,NA,0,0,79.2,20.8
jiaojin,骄矜,proud,0,5.13,1.36,Ot,41.7,Un,37.5,6.7,73.3,20
jiaoke,焦渴,anxious,0,4.77,1.54,Ax,78.3,Ot,13,0,50,50
jiaolv,焦虑,anxious,1,5.59,1.23,Ax,100,NA,0,0,63.6,36.4
jiaoman,骄慢,arrogant,2,4.78,1.86,Dg,43.5,Ot,39.1,0,78.3,21.7
jiaozao,焦躁,anxious,0,5.88,0.93,Ax,100,NA,0,0,91.7,8.3
jiaozhi,焦炙,anxious,0,5.71,1.24,Ax,87.5,Un,12.5,0,71.4,28.6
jidong,激动,excited,0,5.88,1.27,Hp,54.2,Ot,37.5,50,0,50
jidu,嫉妒,jealous,0,5.67,1.34,Dg,45.8,Ot,41.7,0,91.7,8.3
jidu,忌妒,jealous,1,5.57,1.47,Ot,39.1,Dg,34.8,0,91.3,8.7
jiehen,解恨,vent,2,5.41,1.27,Hp,54.5,Ag,18.2,27.3,31.8,40.9
jifen,激愤,wrathful,2,6.54,1,Ag,91.7,Dg,4.2,8.3,50,41.7
jihen,嫉恨,jealous,2,6.26,0.74,Dg,82.6,Ag,13,0,95.7,4.3
jihen,忌恨,hate,3,6.35,0.76,Dg,60.9,Ag,26.1,0,95.7,4.3
jimo,寂寞,lonely,0,4.48,1.31,Sd,39.1,Ot,39.1,0,47.8,52.2
jingcha,惊诧,astonished,2,5.57,0.97,Sp,100,NA,0,0,8.7,91.3
jinge,惊愕,stunned,2,6.26,0.74,Sp,95.7,Fr,4.3,0,17.4,82.6
jinghai,惊骇,frightened,2,6.18,0.89,Sp,77.3,Fr,22.7,4.5,54.5,40.9
jinghuang,惊惶,frightened,2,5.96,1.02,Fr,58.3,Ax,25,0,87.5,12.5
jinghuang,惊慌,terrified,2,5.39,1.31,Fr,43.5,Sp,39.1,0,56.5,43.5
jingju,惊惧,frightened,2,6.39,0.87,Fr,65.2,Sp,30.4,0,60.9,39.1
jingkong,惊恐,terrified,3,6.09,1.06,Sp,56.5,Fr,43.5,0,69.6,30.4
jingmu,敬慕,admire,0,5.43,1.38,Ot,78.3,Hp,17.4,95.7,0,4.3
jingmu,景慕,admire,0,4.88,1.64,Hp,75,Ot,20.8,95.8,0,4.2
jingpei,敬佩,admire,0,5.09,1.18,Ot,60.9,Hp,34.8,91.3,0,8.7
jingqi,惊奇,surprised,2,5.23,1.24,Sp,95.5,Hp,4.5,18.2,0,81.8
jingxi,惊喜,happily,2,5.57,0.88,Hp,87,Sp,13,91.3,0,8.7
jingya,惊讶,surprised,2,4.7,1.6,Sp,95.7,Nu,4.3,4.3,4.3,91.3
jingyang,敬仰,revere,0,5.09,1.62,Ot,52.2,Hp,43.5,95.5,0,4.5
jingyang,景仰,revere,0,5.52,1.56,Ot,56.5,Hp,39.1,90.9,0,9.1
jingyi,惊疑,surprised,2,5.38,0.95,Sp,100,NA,0,0,20.8,79.2
jingzhong,敬重,revere,0,5.36,1.55,Ot,72.7,Hp,22.7,86.4,4.5,9.1
jinzhang,紧张,nervous,0,4.45,1.64,Ax,90.9,Nu,4.5,0,63.6,36.4
jiong,窘,embarrassed,0,4.78,1.5,Ot,69.6,Ax,17.4,0,69.6,30.4
jiongcu,窘促,embarrassed,0,4.57,1.05,Ot,56.5,Ax,26.1,0,66.7,33.3
jiuxin,揪心,anxious,1,6,0.74,Ax,50,Sd,22.7,4.5,54.5,40.9
juanlian,眷恋,sentimentally,1,4.91,1.53,Ot,52.2,Hp,34.8,73.9,0,26.1
juewang,绝望,hopeless,0,6.83,0.38,Sd,47.8,Fr,26.1,0,82.6,17.4
jusang,沮丧,depressed,0,5.41,1.15,Sd,86.4,Ax,13.6,0,90.9,9.1
kaixin,开心,happy,1,5.46,0.82,Hp,100,NA,0,100,0,0
kanbuguan,看不惯,cannot,2,4.39,1.24,Dg,69.6,Ot,21.7,0,65.2,34.8
kangfen,亢奋,excited,0,5.75,1.61,Hp,50,Ot,45.8,16.7,16.7,66.7
kangle,康乐,recreation,0,3.25,1.76,Hp,56.5,Nu,21.7,75,0,25
kexi,可惜,pity,2,3.96,1.37,Sd,65.2,Ot,34.8,13,34.8,52.2
kexin,可心,satisfied,1,4.44,1.46,Hp,65.2,Un,30.4,100,0,0
keyi,可意,gratifying,1,4,1.62,Hp,54.2,Un,33.3,75,0,25
konghuang,恐慌,panic,3,6.17,0.9,Fr,79.2,Ax,16.7,4.2,91.7,4.2
kongju,恐惧,fear,3,6.14,1.18,Fr,100,NA,0,0,86.4,13.6
ku,苦,bitter,0,4.35,1.43,Sd,65.2,Ot,26.1,0,60.9,39.1
kuaihuo,快活,happy,2,5.27,1.39,Hp,100,NA,0,81.8,4.5,13.6
kuaile,快乐,happy,2,5.18,1.37,Hp,100,NA,0,95.5,0,4.5
kuaiwei,快慰,pleased,3,4.86,1.14,Hp,95.5,Ot,4.5,81.8,0,18.2
kuang,狂,crazy,0,5.13,1.7,Ot,56.5,Dg,17.4,4.3,65.2,30.4
kuangluan,狂乱,frenzy,0,6,1.17,Ax,47.8,Ot,26.1,0,86.4,13.6
kuangre,狂热,fanatical,0,6.17,0.87,Hp,56.5,Ot,39.1,30.4,21.7,47.8
kuanxin,宽心,relieved,1,3.63,1.47,Hp,58.3,Ot,25,83.3,0,16.7
kumen,苦闷,depressed,1,4.96,1.1,Sd,45.8,Ax,33.3,0,91.7,8.3
kunao,苦恼,troubled,2,5.25,1.09,Ax,62.5,Sd,20.8,0,66.7,33.3
kunhuo,困惑,confused,1,3.87,1.26,Ot,60.9,Ax,30.4,4.3,21.7,73.9
kunjun,困窘,embarrassed,0,4.41,1.3,Ot,45.5,Ax,36.4,0,77.3,22.7
laijin,来劲,in,0,4.91,1.35,Hp,63.6,Ot,22.7,63.6,9.1,27.3
leyi,乐意,willing,1,4.63,1.28,Hp,100,NA,0,91.7,0,8.3
leyu,乐于,delight,0,4.04,1.63,Hp,87,Nu,13,90.9,0,9.1
lianmin,怜悯,compassionate,2,4.14,1.66,Ot,63.6,Sd,22.7,22.7,18.2,59.1
lianxi,怜惜,compassionate,2,4.09,1.32,Ot,69.6,Sd,17.4,43.5,4.3,52.2
liaojie,了解,understand,0,1.17,0.64,Nu,87,Ot,8.7,8.7,0,91.3
lijie,理解,understand,0,2.38,1.7,Nu,45.8,Ot,41.7,56.5,0,43.5
linxi,吝惜,miserly,2,3.65,1.76,Ot,65.2,Nu,13,8.7,47.8,43.5
liushen,留神,careful,0,1.65,1.24,Nu,73.9,Ot,26.1,4.5,0,95.5
manyi,满意,satisfied,1,4.83,1.24,Hp,100,NA,0,95.7,0,4.3
mieshi,蔑视,despise,0,5.88,1.09,Dg,83.3,Ag,12.5,0,95.8,4.2
naohen,恼恨,hate,2,5.87,0.85,Ag,56.5,Dg,21.7,0,60.9,39.1
niai,溺爱,spoil,0,5.36,1.61,Ot,59.1,Hp,40.9,0,90.9,9.1
nifan,腻烦,bored,0,5.58,1.26,Dg,100,NA,0,0,95.8,4.2
pa,怕,fear,2,4.75,1.61,Fr,95.8,Nu,4.2,0,62.5,37.5
peifu,佩服,admire,0,4.65,1.55,Ot,43.5,Hp,43.5,87,0,13
pianai,偏爱,favor,0,5,0.98,Hp,73.9,Ot,26.1,34.8,17.4,47.8
qiangua,牵挂,care,0,4.17,1.43,Ot,39.1,Ax,30.4,69.6,4.3,26.1
qiaobuqi,瞧不起,look,0,4.61,1.63,Dg,73.9,Ot,21.7,0,95.7,4.3
qiaodeqi,瞧得起,look,0,3.39,1.74,Ot,69.6,Nu,17.4,47.8,21.7,30.4
qiguai,奇怪,strange,2,3.33,1.43,Sp,79.2,Ot,12.5,0,8.3,91.7
qingmie,轻蔑,scornful,0,5.14,1.32,Dg,86.4,Ot,9.1,0,100,0
qingyuan,情愿,willingly,3,3.5,1.85,Hp,45.8,Ot,29.2,43.5,0,56.5
qinpei,钦佩,admire,0,4.92,1.47,Hp,75,Ot,20.8,95.8,0,4.2
qishi,歧视,discriminate,0,5.64,1.33,Dg,77.3,Ot,18.2,0,95.5,4.5
qizhong,器重,think,0,3.58,2.02,Hp,50,Ot,29.2,87.5,0,12.5
reai,热爱,love,0,6,1.04,Hp,100,NA,0,95.8,0,4.2
ruyi,如意,contented,1,4.36,1.43,Hp,95.5,Ot,4.5,95.5,0,4.5
sangqi,丧气,discouraged,0,4.96,1.33,Sd,73.9,Ot,17.4,0,95.7,4.3
shanggan,伤感,sad,1,5.09,1.1,Sd,95.7,Fr,4.3,0,69.6,30.4
shangshi,赏识,appreciate,0,4.35,1.68,Hp,82.6,Nu,8.7,91.3,0,8.7
shangxin,伤心,sad,1,5.42,1.19,Sd,100,NA,0,0,79.2,20.8
shengqi,生气,angry,0,6,0.87,Ag,100,NA,0,0,71.4,28.6
shenwang,神往,rapt,0,4.9,1.85,Hp,50,Ot,40.9,95.2,0,4.8
shiwang,失望,disappointed,0,4.96,1.31,Sd,75,Ot,16.7,0,87.5,12.5
shuangxin,爽心,comfortable,1,4.96,0.91,Hp,95.8,Un,4.2,100,0,0
shuchang,舒畅,pleasant,0,4.78,1.44,Hp,91.3,Ot,8.7,95.7,0,4.3
shufu,舒服,comfortable,0,4.63,1.11,Hp,95.8,Nu,4.2,91.7,0,8.3
shunxin,顺心,contented,1,3.75,1.48,Hp,95.8,Nu,4.2,95.8,0,4.2
shutan,舒坦,comfortable,0,4.54,1.35,Hp,91.7,Ot,8.3,95.8,0,4.2
shuxin,舒心,comfortable,1,4.61,1.24,Hp,82.6,Ot,13,95.7,0,4.3
songkuai,松快,contented,2,4.45,1.12,Hp,91.3,Un,4.3,86.4,0,13.6
suanxin,酸辛,miserable,0,4.7,1.23,Sd,65.2,Ot,30.4,0,65.2,34.8
taoyan,讨厌,hate,0,4.96,1.31,Dg,100,NA,0,0,79.2,20.8
tiliang,体谅,empathetic,0,3.25,1.66,Ot,58.3,Nu,25,65.2,0,34.8
titie,体贴,considerate,0,3.22,1.47,Ot,43.5,Hp,34.8,87,0,13
tonghen,痛恨,hate,2,6.7,0.46,Dg,78.3,Ag,17.4,0,82.6,17.4
tongkuai,痛快,to,2,5.26,1.48,Hp,82.6,Ot,13,82.6,0,17.4
tongqing,同情,empathy,2,4.41,1.47,Ot,77.3,Sd,18.2,27.3,13.6,59.1
tongxin,痛心,grief,1,6.29,1.1,Sd,87.5,Ag,4.2,0,100,0
touru,投入,actively,0,2.65,2.2,Nu,52.2,Ot,39.1,40.9,0,59.1
touteng,头疼,headache,0,3.57,1.86,Ax,47.8,Nu,21.7,0,43.5,56.5
tuichong,推崇,praise,0,4.92,1.75,Hp,79.2,Ot,12.5,79.2,0,20.8
tuisang,颓丧,dispirited,0,4.91,1.25,Ax,34.8,Ot,34.8,0,95.7,4.3
tuitang,颓唐,dejected,0,5.18,1.3,Sd,39.1,Ot,34.8,0,100,0
weiju,畏惧,fear,2,5.46,1.35,Fr,100,NA,0,0,75,25
weinan,为难,be,0,4.09,1.04,Ax,59.1,Ot,40.9,4.5,72.7,22.7
weiqie,畏怯,coward,2,5.33,1.25,Fr,95.8,Ax,4.2,0,91.3,8.7
weiqu,委屈,feel,0,4.74,0.74,Sd,87,Ax,8.7,4.3,47.8,47.8
wohuo,窝火,angry,0,6.04,0.79,Ag,91.7,Hp,4.2,4.2,83.3,12.5
wonang,窝囊,feel,0,4.61,1.74,Dg,60.9,Ot,21.7,0,95.5,4.5
woxin,窝心,pleased,1,4.9,1.3,Hp,43.5,Un,13,60,25,15
wugu,无辜,innocent,0,2.35,1.37,Ot,52.2,Nu,30.4,4.3,13,82.6
wuliao,无聊,bored,0,2.55,1.75,Ot,50,Nu,36.4,0,27.3,72.7
wunai,无奈,helpless,0,4.08,1.44,Sd,50,Ot,37.5,0,75,25
xiai,喜爱,favorite,0,4.52,1.41,Hp,91.3,Ot,4.3,87,0,13
xiang,想,think,1,2.59,1.9,Nu,43.5,Ot,43.5,13.6,0,86.4
xiangxin,相信,believe,0,3.57,2.14,Ot,60.9,Nu,30.4,60.9,0,39.1
xianmu,羡慕,admire,0,4.52,1.21,Ot,69.6,Hp,13,43.5,13,43.5
xianshi,闲适,comfortable,0,2.61,1.52,Hp,43.5,Ot,30.4,69.6,0,30.4
xianya,闲雅,elegant,0,2.75,1.61,Hp,41.7,Ot,33.3,78.3,0,21.7
xiaochang,晓畅,contented,0,4.5,1.72,Hp,45.5,Un,36.4,85.7,0,14.3
xiaochen,消沉,depressed,0,4.92,1.55,Sd,66.7,Ot,25,0,100,0
xiaohun,消魂,enchanted,0,4.7,2.07,Ot,50,Hp,16.7,13.6,9.1,77.3
xiaojing,孝敬,filial,0,3,2.02,Ot,56.5,Nu,39.1,60.9,0,39.1
xiaoyao,逍遥,leisurely,0,3.52,1.86,Hp,56.5,Ot,21.7,56.5,0,43.5
xiaren,吓人,frightening,0,5.05,1.11,Fr,81.8,Sp,18.2,0,54.5,45.5
xihuan,喜欢,like,0,4.96,1.14,Hp,95.8,Ot,4.2,91.7,0,8.3
xinfu,信服,convinced,0,3.77,2,Ot,72.7,Nu,22.7,63.6,0,36.4
xinfu,心浮,impatient,1,3.95,1.76,Ax,45.8,Ot,29.2,0,76.2,23.8
xingfen,兴奋,excited,0,6.14,0.97,Hp,100,NA,0,95.5,0,4.5
xingfu,幸福,happy,0,5.41,1.4,Hp,100,NA,0,100,0,0
xinhan,心寒,disappointed,1,5.7,1.23,Sd,69.6,Ot,26.1,0,78.3,21.7
xinhuang,心慌,anxious,3,5,1,Ax,65.2,Fr,34.8,0,70.8,29.2
xinji,心急,impatient,1,4.87,1.42,Ax,100,NA,0,0,47.8,52.2
xinjiao,心焦,anxious,1,5.13,1.23,Ax,100,NA,0,4.3,73.9,21.7
xinlai,信赖,trust,0,3.78,2.17,Ot,65.2,Nu,30.4,73.9,0,26.1
xinqie,心切,anxious,1,4.48,1.74,Ot,36.4,Ax,31.8,23.8,14.3,61.9
xinren,信任,trust,0,3.7,2.35,Ot,52.2,Nu,34.8,69.6,0,30.4
xinsuan,心酸,sad,1,5.39,0.82,Sd,73.9,Ot,26.1,0,60.9,39.1
xinsuan,辛酸,sad,0,4.91,0.88,Sd,65.2,Ot,34.8,0,60.9,39.1
xinwei,欣慰,pleased,1,4.64,0.98,Hp,100,NA,0,95.5,0,4.5
xinxi,欣喜,happy,0,5.41,1.23,Hp,100,NA,0,95.5,0,4.5
xinxu,心虚,guilty,1,4.92,0.95,Fr,62.5,Ax,37.5,0,91.7,8.3
xiucan,羞惭,ashamed,2,4.91,1.38,Ot,78.3,Ax,8.7,4.5,59.1,36.4
xiukui,羞愧,ashamed,2,4.91,1.38,Ot,56.5,Fr,21.7,0,65.2,34.8
xiuqie,羞怯,shy,2,3.88,1.48,Ot,41.7,Fr,37.5,4.2,16.7,79.2
xiuse,羞涩,shy,0,4,1.5,Ot,73.9,Fr,17.4,17.4,0,82.6
xiyue,喜悦,joyful,2,5.27,1.32,Hp,100,NA,0,95.5,0,4.5
xuanyao,炫耀,show,0,5.14,1.22,Ot,50,Hp,40.9,9.1,77.3,13.6
yanfan,厌烦,bored,0,5.5,1.37,Dg,100,NA,0,0,90.9,9.1
yangyang,痒痒,itchy,0,2.67,1.61,Nu,30.4,Ot,26.1,14.3,0,85.7
yanhong,眼红,jealous,0,5.17,1.2,Ot,56.5,Dg,17.4,0,78.3,21.7
yanjuan,厌倦,bored,0,4.71,1.46,Dg,79.2,Sd,8.3,0,91.7,8.3
yanwu,厌恶,disgust,1,6,1.06,Dg,100,NA,0,0,91.3,8.7
yihan,遗憾,regretful,3,4.73,1.68,Sd,81.8,Ot,9.1,4.5,63.6,31.8
yihe,怡和,delightful,2,3.75,1.64,Hp,54.5,Un,27.3,100,0,0
yihuo,疑惑,doubt,1,3.17,1.37,Ot,39.1,Sp,26.1,0,4.3,95.7
yinyu,阴郁,depressed,0,5.36,1.11,Sd,63.6,Ax,22.7,0,95.5,4.5
yixin,疑心,suspicious,1,3.74,1.48,Ot,39.1,Ax,30.4,0,54.5,45.5
yiyu,抑郁,depressed,0,5.27,1.32,Sd,54.5,Ax,31.8,4.5,95.5,0
yizhong,倚重,rely,0,4.05,1.56,Ot,81.8,Nu,9.1,55,0,45
yonghu,拥护,support,0,4.75,1.48,Hp,66.7,Ot,29.2,83.3,0,16.7
youchou,忧愁,worried,3,5.35,0.91,Sd,60.9,Ax,26.1,0,69.6,30.4
youlv,忧虑,worried,3,5.09,0.78,Ax,87,Sd,8.7,0,65.2,34.8
youyu,忧郁,melancholy,2,4.96,0.86,Sd,73.9,Ax,17.4,0,73.9,26.1
yuan,冤,wrongful,0,5.63,0.95,Ot,41.7,Sd,41.7,0,83.3,16.7
yuanhen,怨恨,resent,3,6.59,0.72,Dg,54.5,Ag,22.7,4.5,95.5,0
yuanwang,冤枉,feel,0,5,1.59,Sd,39.1,Ot,34.8,4.3,78.3,17.4
yuanyi,愿意,willing,1,2.74,1.51,Ot,39.1,Hp,34.8,56.5,0,43.5
yue,乐,happy,0,4.75,1.39,Hp,100,NA,0,95.8,0,4.2
yumen,郁闷,depressed,1,4.59,1.19,Sd,52.2,Ax,26.1,0,60.9,39.1
yuyi,郁悒,depressed,2,5.64,0.81,Un,39.1,Ax,26.1,0,71.4,28.6
yuyue,愉悦,pleasure,2,4.91,1.21,Hp,95.7,Dg,4.3,95.7,4.3,0
zaihu,在乎,care,0,3.87,1.54,Ot,60.9,Ax,13,43.5,0,56.5
zanshang,赞赏,appreciate,0,4.88,1.27,Hp,95.8,Nu,4.2,91.7,0,8.3
zantong,赞同,agree,0,3.48,1.89,Hp,43.5,Ot,30.4,56.5,0,43.5
zaoxin,糟心,vexed,1,4.9,1.02,Ax,30.4,Dg,30.4,0,95.2,4.8
zengwu,憎恶,loathe,3,6.39,0.77,Dg,78.3,Ag,21.7,0,91.3,8.7
zhaoji,着急,worried,1,4.65,1.37,Ax,82.6,Ot,8.7,0,21.7,78.3
zhenai,珍爱,cherish,0,5.46,1.22,Hp,87.5,Ot,12.5,87.5,0,12.5
zhenfen,振奋,be,0,5.82,0.83,Hp,81.8,Ot,18.2,100,0,0
zhenjing,震惊,shocked,2,6.26,0.94,Sp,100,NA,0,0,9.1,90.9
zhenshi,珍视,cherish,0,5.25,1.3,Hp,87.5,Ot,8.3,95.8,0,4.2
zhenxi,珍惜,cherish,2,4.23,1.73,Ot,77.3,Nu,13.6,77.3,0,22.7
zhongai,钟爱,favorite,0,5.26,1.26,Hp,100,NA,0,87,0,13
ziai,自爱,self-esteem,0,2.59,1.8,Nu,50,Ot,31.8,52.4,0,47.6
ziao,自傲,proud,0,5.48,1.5,Ot,69.6,Hp,17.4,8.7,78.3,13
zibei,自卑,inferior,0,5.26,1.22,Ot,34.8,Sd,21.7,0,95.7,4.3
zida,自大,conceited,0,4.87,1.54,Ot,43.5,Dg,34.8,4.3,91.3,4.3
zifu,自负,conceited,0,5.57,1.44,Ot,65.2,Hp,13,0,95.7,4.3
zihao,自豪,proud,0,6.18,0.72,Hp,100,NA,0,95.5,0,4.5
ziman,自满,self-satisfied,0,5.17,1.52,Ot,56.5,Hp,30.4,0,91.3,8.7
zixin,自信,confident,0,4.57,1.91,Ot,47.8,Hp,43.5,91.3,0,8.7
zizai,自在,comfortable,0,4,1.29,Hp,69.6,Ot,30.4,87,0,13
zunchong,尊崇,worship,0,5.64,1.3,Ot,68.2,Hp,31.8,95.5,0,4.5
zunjing,尊敬,respect,0,4.14,1.82,Ot,69.6,Hp,17.4,90.9,0,9.1
zunzhong,尊重,respect,0,3.46,1.94,Ot,37.5,Nu,33.3,73.9,0,26.1
